,marka,model
0,Royal,Enfield Classic 350
1,Honda,Dio
2,Royal,Enfield Classic Gunmetal Grey
3,Yamaha,Fazer FI V 2.0
4,Yamaha,SZ
5,Honda,CB Twister
6,Honda,CB Hornet 160R
7,Royal,Enfield Bullet 350
8,Hero,Honda CBZ extreme
9,Bajaj,Discover 125
10,Yamaha,FZ16
11,Honda,Navi
12,Bajaj,Avenger Street 220
13,Yamaha,YZF R3
14,Jawa,42
15,Suzuki,Access 125
16,Hero,Honda Glamour
17,Yamaha,YZF R15 S
18,Royal,Enfield Classic Gunmetal Grey
19,Yamaha,FZ25
20,Hero,Passion Pro 110
21,Honda,Navi
22,Honda,Activa i
23,Jawa,Standard
24,Royal,Enfield Thunderbird 350
25,Honda,Dream Yuga
26,TVS,Apache RTR 160 4V
27,Honda,Navi
28,Yamaha,Fazer
29,Hero,Honda Splendor NXG
30,Hero,Glamour 125
31,Yamaha,FZ S
32,Hero,Xtreme Sports
33,Honda,X-Blade
34,Honda,CB Shine SP
35,Honda,Activa 5G
36,Hero,Glamour 125
37,Honda,CBR-250R
38,Hero,Honda Passion PRO
39,Royal,Enfield Thunderbird 350
40,Bajaj,Dominar 400
41,Hero,Glamour FI
42,KTM,390 Duke
43,Hero,Passion XPro
44,Yamaha,FZ S V 2.0
45,Hero,Achiever 150
46,Bajaj,Discover 125
47,Yamaha,FZ16
48,Yamaha,Saluto
49,Yamaha,FZ16
50,Bajaj,Discover 100
51,Honda,CB Trigger
52,Royal,Enfield Electra 5 S
53,Hero,Splendor PRO
54,Honda,Activa 5G
55,Hero,Honda Passion Plus
56,Bajaj,Pulsar 150
57,Royal,Enfield Bullet 350
58,Bajaj,Discover 125
59,Bajaj,Pulsar 150
60,Hero,Splendor PRO
61,Hero,Xtreme Sports
62,Honda,Activa 3G
63,Yamaha,FZ16
64,Honda,CB Hornet 160R
65,Royal,Enfield Thunderbird 350
66,Hero,Hunk
67,Suzuki,Let''s
68,Royal,Enfield Electra 4 S
69,TVS,Scooty Pep Plus
70,Mahindra,Mojo XT300
71,TVS,Apache RTR 160
72,Bajaj,Pulsar AS200
73,Bajaj,Pulsar 150
74,Royal,Enfield Thunderbird 350X
75,Suzuki,Intruder 150
76,Hero,Honda Karizma ZMR
77,Honda,Dio
78,Bajaj,Xcd
79,Hero,Splendor Plus
80,Royal,Enfield Thunderbird 350X
81,Honda,CB Unicorn 150
82,Honda,Activa 5G
83,Honda,CB Twister
84,Hero,Splendor PRO
85,Hero,Honda CD Deluxe
86,Honda,Activa i
87,Royal,Enfield Classic Gunmetal Grey
88,TVS,Scooty Zest 110
89,Hero,CD Deluxe
90,Suzuki,Access 125
91,Honda,Activa
92,Honda,Activa 125
93,Suzuki,GS150R
94,Bajaj,Pulsar 220S
95,Honda,Activa 4G
96,Yamaha,FZ25
97,Bajaj,Pulsar 150
98,Hero,Splendor Plus
99,Bajaj,Discover 100
100,Royal,Enfield Thunderbird 350X
101,Royal,Enfield Classic 350
102,Bajaj,Pulsar 150
103,Bajaj,Pulsar NS160
104,Royal,Enfield Classic Desert Storm
105,Suzuki,Gixxer SF
106,TVS,Apache RTR 200 4V
107,Bajaj,V15
108,TVS,XL 100 Heavy Duty
109,Yamaha,FZ S V 2.0
110,Hero,HF Deluxe
111,Aprilia,SR 125
112,Yamaha,FZ25
113,Hero,Honda Glamour
114,Bajaj,Discover 125 ST
115,Hero,Honda Passion Plus
116,Honda,Aviator
117,Vespa,SXL 149
118,TVS,Scooty Pep Plus
119,Hero,Xtreme
120,Royal,Enfield Thunderbird 350
121,UM,Renegade Commando
122,Royal,Enfield Classic Gunmetal Grey
123,Honda,CB Hornet 160R
124,Honda,Shine
125,Bajaj,Discover 100
126,Hero,Honda CBZ extreme
127,Royal,Enfield Classic 350
128,Honda,Activa 5G
129,Bajaj,Avenger Street 150
130,Royal,Enfield Continental GT 650
131,Honda,Activa 3G
132,Honda,Activa 3G
133,Bajaj,Pulsar 180
134,Harley-Davidson,Street Bob
135,Hero,Honda CBZ extreme
136,Royal,Enfield Classic Gunmetal Grey
137,KTM,390 Duke ABS
138,Honda,CB Hornet 160R
139,KTM,200 Duke
140,Hero,Karizma 2014
141,Hero,Glamour 125
142,Royal,Enfield Classic 350
143,Royal,Enfield Classic 500
144,Bajaj,Dominar 400
145,Royal,Enfield Thunderbird 350X
146,KTM,RC 390
147,Royal,Enfield Thunderbird 350
148,Hero,Hunk
149,KTM,390 Duke
150,Suzuki,Gixxer
151,Royal,Enfield Bullet 350
152,Suzuki,Access 125
153,TVS,Apache RTR 200 4V
154,Hero,Xtreme Sports
155,Honda,Activa
156,Bajaj,Discover 125
157,Bajaj,Pulsar 150
158,Yamaha,Saluto RX
159,Hero,HF Deluxe
160,Suzuki,Access 125
161,Royal,Enfield Classic Desert Storm
162,Hero,HF Deluxe
163,KTM,RC 200
164,Honda,CB Hornet 160R
165,Bajaj,CT 100
166,Hero,Honda Pleasure
167,Bajaj,Pulsar 135 LS
168,Royal,Enfield Classic 350
169,Honda,Navi
170,Bajaj,Discover 125
171,Yamaha,SZ RR V 2.0
172,Bajaj,Discover 150
173,Bajaj,Pulsar 150
174,TVS,Flame
175,Vespa,VX 125
176,Yamaha,SZ X
177,Honda,CBF Stunner
178,Bajaj,Discover 100 T
179,Royal,Enfield Classic 350
180,Honda,Activa
181,Royal,Enfield Electra 5 S
182,Bajaj,Pulsar 150
183,Honda,Shine
184,Honda,CB Unicorn 160
185,Honda,Activa 3G
186,Honda,Shine
187,Bajaj,Pulsar 180
188,Suzuki,Gixxer SF
189,Honda,CB Unicorn 150
190,Yamaha,YZF R15
191,TVS,Sport
192,Bajaj,Pulsar AS200
193,Honda,Activa
194,Yamaha,FZ16
195,Bajaj,Boxer
196,Hero,Honda Hunk
197,Hero,Honda Hunk
198,Bajaj,Avenger Cruise 220
199,Yamaha,Ray Z
200,Bajaj,Pulsar 180
201,Bajaj,Discover 150F
202,Bajaj,Pulsar 135 LS
203,Bajaj,Pulsar 180
204,Honda,Activa 125
205,Hero,HF Deluxe
206,Hero,Karizma 2014
207,Bajaj,Platina 100
208,Royal,Enfield Bullet 500
209,Bajaj,Pulsar AS200
210,Yamaha,FZ S
211,Bajaj,Pulsar 220 Fi
212,Bajaj,Pulsar 150
213,Bajaj,Dominar 400
214,Hero,Passion X Pro
215,Yamaha,FZ S V 2.0
216,TVS,Apache RTR 160
217,Bajaj,Avenger
218,Bajaj,Pulsar 150
219,Hero,Honda Glamour
220,Hero,Splendor iSmart
221,Royal,Enfield Classic 350
222,Yamaha,FZ16
223,Hero,Xtreme Sports
224,Royal,Enfield Bullet 350
225,Hero,Honda Passion
226,Bajaj,Discover 150S
227,TVS,Scooty Zest 110
228,Bajaj,Avenger Street 150
229,Yamaha,Cygnus Ray ZR
230,Honda,Activa
231,TVS,Apache RTR 200 4V
232,Honda,Shine
233,Honda,CB Hornet 160R
234,Honda,Activa i
235,Hero,Karizma 2014
236,Bajaj,Discover 100 T
237,Honda,Aviator
238,Hero,Splendor Plus
239,Royal,Enfield Thunderbird 350
240,Bajaj,CT 110
241,Hero,Passion PRO i3s
242,KTM,RC 390
243,Bajaj,Pulsar 220F
244,Hero,Maestro Edge
245,Bajaj,Xcd
246,Bajaj,Pulsar 150
247,TVS,Centra
248,Honda,Activa 3G
249,Yamaha,FZ16
250,Hero,Maestro Edge
251,Bajaj,Discover 125
252,Royal,Enfield Thunderbird 350X
253,Hero,Super Splendor
254,TVS,Scooty Pep Plus
255,Yamaha,FZ V 2.0
256,Hero,Honda Splendor Plus
257,Hero,CD Deluxe
258,Hero,Honda Passion PRO
259,Hero,HF Deluxe i3s
260,Bajaj,Xcd
261,Royal,Enfield Interceptor 650
262,Honda,CBR-250R
263,Bajaj,Kristal
264,Hero,Honda Splendor Plus
265,Honda,Dream Yuga
266,Yamaha,FZ S V 2.0
267,Hero,Xpulse 200
268,Bajaj,V15
269,Bajaj,Avenger Street 220
270,Bajaj,Discover 135
271,Honda,CB Unicorn 150
272,Vespa,SXL 149
273,Royal,Enfield Machismo
274,Honda,CB Shine SP
275,Honda,CB Unicorn 150
276,Honda,CB Unicorn 150
277,Honda,CB Unicorn 150
278,Bajaj,Pulsar 150
279,TVS,Apache RTR 160
280,Honda,Dio
281,Royal,Enfield Thunderbird 350
282,Hero,Maestro
283,Hero,Honda CBZ extreme
284,Bajaj,Dominar 400
285,Honda,Activa 125
286,Royal,Enfield Classic Desert Storm
287,KTM,250 Duke
288,KTM,RC 390
289,Kawasaki,Ninja 650
290,TVS,Apache RTR 200 4V
291,Kawasaki,Ninja 250R
292,TVS,Wego
293,Honda,CBR-250R
294,Bajaj,Pulsar NS200
295,Suzuki,GSX S750
296,Royal,Enfield Thunderbird 350
297,Royal,Enfield Classic 350
298,Honda,CB Shine SP
299,Bajaj,Avenger Street 150
300,Honda,CBF Stunner
301,Bajaj,Avenger
302,Suzuki,Gixxer
303,Suzuki,Access 125
304,TVS,Scooty Streak
305,Royal,Enfield Thunderbird 350X
306,Yamaha,Rx
307,Hero,Honda Splendor Plus
308,Bajaj,Pulsar 125
309,Honda,Activa 5G
310,Yamaha,Fazer Dlx
311,Harley-Davidson,Street 750
312,Hero,Xtreme 2014
313,Royal,Enfield Classic 350
314,Hero,Honda Hunk
315,Royal,Enfield Interceptor 650
316,Royal,Enfield Classic 350
317,Bajaj,Pulsar 150
318,Honda,Activa
319,TVS,Apache RR310
320,Jawa,Standard
321,Hero,Honda Splendor PRO
322,Yamaha,FZ25
323,Bajaj,Pulsar 220F
324,Yamaha,Fascino 110
325,Yamaha,FZ16
326,Yamaha,FZ16
327,TVS,Star City Plus
328,Royal,Enfield Classic 350
329,Bajaj,Pulsar 135 LS
330,Suzuki,Access 125
331,Bajaj,Pulsar 135 LS
332,UM,Renegade Commando
333,Hero,Honda Splendor Plus
334,Hero,Passion PRO i3s
335,Royal,Enfield Classic 350
336,Honda,Activa 5G
337,Yamaha,Fascino 110
338,Hero,Splendor Plus
339,Royal,Enfield Thunderbird 350
340,Yamaha,YZF R15 V3
341,KTM,RC 200
342,TVS,Radeon
343,Hero,HF Deluxe
344,BMW,G310GS
345,Royal,Enfield Thunderbird 350
346,Hero,Honda Splendor Plus
347,Yamaha,FZ S V 2.0
348,Bajaj,Avenger Street 220
349,Hero,Honda Splendor Plus
350,Bajaj,Platina 100
351,Royal,Enfield Thunderbird 350X
352,Honda,CB Unicorn 150
353,Suzuki,Gixxer
354,Bajaj,Platina 100
355,Royal,Enfield Thunderbird 350
356,Royal,Enfield Thunderbird 500
357,Bajaj,Pulsar AS150
358,Bajaj,Pulsar 150
359,Hero,Pleasure
360,Honda,Aviator
361,Royal,Enfield Thunderbird 350
362,Hero,Ignitor
363,Hero,Honda CD100SS
364,TVS,Apache RTR 160
365,Hero,Achiever 150
366,Vespa,LX 125
367,Honda,Activa 3G
368,Hero,Splendor Plus i3s
369,Royal,Enfield Classic 350
370,Hero,Maestro
371,Hero,Glamour 125
372,Yamaha,FZ16
373,Royal,Enfield Himalayan
374,Yamaha,FZ S V 2.0
375,Hero,Maestro Edge
376,Yamaha,FZ25
377,TVS,Victor
378,Bajaj,Dominar 400
379,Bajaj,Pulsar 180
380,Bajaj,Pulsar 180
381,KTM,200 Duke
382,Bajaj,Avenger Street 150
383,Bajaj,Discover 100 M
384,Royal,Enfield Bullet 350
385,Yamaha,YZF R15 S
386,Yamaha,FZ V 2.0
387,Bajaj,Avenger Street 220
388,Bajaj,Pulsar 150
389,Royal,Enfield Thunderbird 350
390,Hero,Achiever 150
391,Hero,Passion Pro 110
392,Hero,Duet
393,Bajaj,Avenger Street 150
394,Royal,Enfield Classic Stealth Black
395,Bajaj,Pulsar 150
396,Bajaj,Pulsar 135 LS
397,Yamaha,Fazer
398,Honda,CB Hornet 160R
399,Honda,CB Unicorn Dazzler
400,Yamaha,YBR 125
401,Suzuki,Intruder 150 Fi
402,Bajaj,V15
403,Royal,Enfield Electra 5 S
404,Hero,Passion PRO TR
405,Yamaha,FZ25
406,Hero,Karizma
407,Royal,Enfield Interceptor 650
408,Royal,Enfield Thunderbird 350
409,Royal,Enfield Classic Squadron Blue
410,Hero,Honda Splendor Plus
411,KTM,390 Duke ABS
412,Bajaj,Pulsar 180
413,Suzuki,Access 125
414,Hero,Splendor iSmart
415,Bajaj,Pulsar 180
416,Yamaha,YZF R15 S
417,Honda,Aviator
418,KTM,200 Duke
419,Royal,Enfield Thunderbird 350
420,Hero,Karizma ZMR
421,Royal,Enfield Classic Chrome
422,Hero,Honda Splendor
423,Mahindra,Rodeo
424,TVS,Apache RTR 160
425,Yamaha,Fazer FI V 2.0
426,Honda,Activa 5G
427,Bajaj,Pulsar 220 Fi
428,Hero,Honda Karizma ZMR
429,Honda,CB Hornet 160R
430,Royal,Enfield Bullet 350
431,Hero,Honda CD Deluxe
432,Yamaha,Saluto
433,Suzuki,Access 125
434,TVS,Sport
435,Hero,Honda Glamour
436,KTM,125 Duke
437,Bajaj,Pulsar NS200
438,Bajaj,Pulsar 150
439,Hero,Xtreme 200R
440,Hero,Honda Splendor Plus
441,Bajaj,Discover 150S
442,Honda,CBR-250R
443,Hero,Pleasure
444,Bajaj,Avenger Cruise 220
445,Bajaj,Discover 125 ST
446,Bajaj,Pulsar 150
447,Bajaj,Boxer
448,Bajaj,Pulsar 150
449,Royal,Enfield Classic Signals
450,Bajaj,Pulsar 180
451,Honda,Dream Yuga
452,Yamaha,FZ S
453,Honda,CB Unicorn
454,Honda,Shine
455,Honda,Activa 3G
456,Honda,Activa
457,Mahindra,Flyte
458,Honda,Activa 3G
459,KTM,250 Duke
460,Yamaha,Ray Z
461,Bajaj,Pulsar 135 LS
462,Yamaha,FZ16
463,Hero,Passion PRO i3s
464,Bajaj,Discover 125
465,Royal,Enfield Classic 350
466,Honda,CB Unicorn 150
467,Bajaj,Avenger
468,Bajaj,Super
469,Bajaj,Pulsar 150
470,Honda,Activa
471,Royal,Enfield Classic Desert Storm
472,Hero,Honda CD Deluxe
473,Hero,Duet
474,Hero,Honda Passion PRO
475,Royal,Enfield Classic 350
476,Honda,Activa 3G
477,Honda,Activa
478,Hero,Honda CD100
479,Hero,Super Splendor
480,Honda,CB Trigger
481,Honda,Dream Yuga
482,Hero,Honda Passion Plus
483,TVS,Spectra
484,Hero,Ignitor
485,Hero,Honda CD100
486,Bajaj,Pulsar 220F
487,Hero,Splendor Plus
488,Yamaha,YZF R15
489,Honda,Activa 3G
490,Bajaj,Discover 150
491,Bajaj,Pulsar 150
492,Bajaj,Avenger Street 150
493,TVS,Star City Plus
494,Bajaj,Discover 125
495,Bajaj,Discover 135
496,Honda,CB Shine SP
497,Honda,Activa
498,Bajaj,Avenger
499,Bajaj,Platina 100
500,Bajaj,Discover 100
501,Bajaj,Pulsar 150
502,Bajaj,Avenger Street 150
503,Bajaj,Platina 100
504,Bajaj,Pulsar 150
505,Bajaj,Pulsar 150
506,Bajaj,Pulsar NS200
507,Honda,CB Trigger
508,Bajaj,Pulsar 135 LS
509,Bajaj,Pulsar 180
510,Yamaha,YZF R15 S
511,Hero,Splendor Plus
512,Hero,Xpulse 200T
513,Yamaha,FZ S V 2.0
514,Bajaj,Discover 150
515,Honda,Activa
516,Hero,Splendor PRO
517,Honda,Dream Neo
518,Bajaj,CT 100
519,Suzuki,Access 125
520,Honda,Activa
521,Hero,Honda Pleasure
522,Bajaj,Platina 100
523,Honda,CB Hornet 160R
524,Bajaj,V15
525,Hero,Honda CD Deluxe
526,Bajaj,Pulsar 150
527,Honda,Activa
528,TVS,Apache RTR 160
529,Bajaj,Pulsar 220F
530,Hero,Honda Passion PRO
531,Hero,Maestro Edge
532,Honda,Dio
533,Hero,Glamour 125
534,Bajaj,Avenger Street 160
535,Hero,Honda CD Deluxe
536,Yamaha,YBR 125
537,Bajaj,Pulsar 150
538,Bajaj,Pulsar 150
539,Hero,Honda CD Deluxe
540,Hero,Passion PRO i3s
541,Bajaj,Pulsar 180
542,Yamaha,Fazer 25
543,TVS,Excel
544,Honda,Shine
545,Honda,Dream Neo
546,Honda,Dio
547,Hero,Splendor Plus
548,Bajaj,Xcd
549,TVS,Streak
550,Bajaj,Pulsar 180
551,Hero,Xtreme 200R
552,Yamaha,YZF R15
553,Bajaj,Avenger Street 150
554,Yamaha,RX135
555,Honda,CB Shine SP
556,Honda,CBR150 R
557,Honda,Dream Yuga
558,Honda,Shine
559,Hero,Splendor Plus i3s
560,Hero,Honda Passion Plus
561,Hero,Honda Passion PRO
562,Honda,Activa 3G
563,Bajaj,Pulsar 180F
564,Hero,Honda Glamour
565,Bajaj,Pulsar 150
566,TVS,Apache RTR 200 4V
567,Bajaj,Super
568,Hero,Honda Passion Plus
569,Bajaj,Pulsar 150
570,Yamaha,SZ X
571,Hero,Honda CD100
572,Bajaj,Pulsar 180
573,Bajaj,Pulsar 220 DTS-i
574,Hero,Honda Achiever
575,Hero,Honda Karizma
576,Honda,CB Unicorn 160
577,Bajaj,Avenger Cruise 220
578,Bajaj,Discover 135
579,Yamaha,FZ S V 2.0
580,Bajaj,Pulsar 150
581,Hero,HF Deluxe
582,Bajaj,Pulsar 135 LS
583,Aprilia,SR 125
584,Bajaj,Pulsar 150
585,Hero,Duet
586,Honda,CB Twister
587,Bajaj,Discover 125
588,Honda,CBR-250R
589,Bajaj,Pulsar 180
590,Honda,Shine
591,Suzuki,Swish
592,TVS,Star City
593,Hero,Super Splendor
594,Yamaha,Fazer
595,TVS,Scooty Pep DLX
596,Honda,Dream Yuga
597,TVS,Star City Plus
598,Yamaha,Fazer
599,Hero,Honda Street Smart
600,TVS,Apache RTR 160
601,Honda,Dio
602,Honda,Activa
603,Hero,Maestro Edge
604,Honda,CB Hornet 160R
605,Hero,Karizma
606,Honda,CB Trigger
607,Honda,CB Hornet 160R
608,Hero,Glamour FI
609,Bajaj,Avenger
610,Hero,Honda Splendor Plus
611,TVS,Apache RTR 160
612,Hero,Honda Splendor Plus
613,Bajaj,Platina 100
614,Yamaha,FZ25
615,Bajaj,Pulsar 150
616,Yamaha,YZF R15 S
617,Bajaj,Discover 125
618,Hero,Passion PRO i3s
619,Honda,Activa
620,Bajaj,Discover 125
621,Suzuki,Gixxer
622,TVS,Wego
623,Bajaj,Discover 150
624,Suzuki,Access 125
625,Hero,Karizma 2014
626,Hero,CD Deluxe
627,Yamaha,Fazer 25
628,Hero,Splendor Plus
629,Yamaha,YZF R15
630,Hero,Honda Splendor Plus
631,TVS,Apache RTR 160
632,Bajaj,Pulsar 150
633,Hero,Glamour 125
634,Hero,Honda Passion Plus
635,Honda,CB Twister
636,Bajaj,CT 100
637,Bajaj,Pulsar 220 DTS-i
638,Hero,Honda Super Splendor
639,Honda,CB Trigger
640,Hero,Hunk
641,Bajaj,Discover 150
642,TVS,Apache RTR 160
643,Hero,Xtreme Sports
644,Bajaj,Avenger
645,Honda,Activa 125
646,Bajaj,Pulsar 220F
647,Bajaj,Pulsar NS200
648,Hero,Honda Splendor
649,Honda,CB Unicorn 150
650,Suzuki,Gixxer SF Fi
651,KTM,RC 200
652,Bajaj,Discover 100
653,TVS,Wego
654,Honda,CB Hornet 160R
655,Yamaha,YZF R15 S
656,Hero,CBZ
657,TVS,Scooty Zest 110
658,Yamaha,FZ S V 2.0
659,Hero,Honda Glamour
660,Hero,Honda CBZ extreme
661,Yamaha,FZ S V 2.0
662,Suzuki,Access 125
663,Bajaj,Pulsar 150
664,Bajaj,Pulsar NS160
665,Hero,Splendor PRO
666,Honda,Shine
667,Hero,Passion Pro 110
668,Yamaha,FZ16
669,Suzuki,Access 125
670,TVS,Jupiter
671,Hero,Passion Pro 110
672,Yamaha,FZ S V 2.0
673,Honda,Livo
674,Honda,CB Hornet 160R
675,Honda,Activa 125
676,Honda,Activa 5G
677,Yamaha,Saluto
678,Yamaha,FZ S V 2.0
679,Bajaj,Avenger Street 150
680,Bajaj,Pulsar 220F
681,Yamaha,YZF R15
682,TVS,Apache RTR 160 4V
683,Hero,Passion Pro 110
684,Bajaj,Pulsar 150
685,TVS,Apache RTR 160 4V
686,Honda,CB Unicorn 150
687,Honda,Activa
688,Honda,Activa 3G
689,Honda,Shine
690,Honda,Activa 5G
691,Bajaj,Avenger Street 220
692,Hero,Xtreme
693,Yamaha,FZ S
694,Suzuki,Intruder 150
695,Yamaha,Fazer
696,Bajaj,Pulsar RS 200
697,Bajaj,Discover 135
698,Hero,Honda CBZ
699,Bajaj,Pulsar 135 LS
700,Yamaha,Fazer 25
701,Honda,CB Unicorn 150
702,Honda,Activa 5G
703,Bajaj,Pulsar 135 LS
704,Hero,Duet
705,Hero,Splendor NXG
706,Hero,Glamour 125
707,Honda,Activa 5G
708,Yamaha,Fascino 110
709,Bajaj,V15
710,Hero,Honda Passion PRO
711,Honda,Activa
712,Bajaj,Xcd
713,Bajaj,Pulsar NS160
714,Honda,CB Hornet 160R
715,Yamaha,RXG
716,TVS,Streak
717,Bajaj,Pulsar RS 200
718,Yamaha,Alpha
719,Honda,Livo
720,Mahindra,Gusto
721,Bajaj,Discover 125
722,Hero,Glamour 125
723,Honda,CB Unicorn 160
724,Hero,Pleasure
725,Royal,Enfield Classic 350
726,Honda,CB Hornet 160R
727,Bajaj,CT 100
728,Yamaha,FZ S V 2.0
729,Bajaj,Pulsar 180
730,Hero,Glamour 125
731,Bajaj,CT 100
732,Bajaj,Discover 100 T
733,TVS,Star City Plus
734,Honda,CB Unicorn 150
735,Hero,Passion PRO TR
736,Honda,CB Shine SP
737,Bajaj,V15
738,Bajaj,V15
739,Bajaj,Discover 100
740,Royal,Enfield Electra 4 S
741,KTM,200 Duke
742,Bajaj,Pulsar 220F
743,Suzuki,GS150R
744,Honda,Shine
745,Honda,CB Unicorn Dazzler
746,Honda,Livo
747,Honda,Aviator
748,Honda,Activa
749,Hero,Hunk
750,Honda,Activa 125
751,Bajaj,Discover 110
752,Hero,Xtreme
753,TVS,Victor GLX
754,Bajaj,Pulsar NS200
755,Honda,Aviator
756,Bajaj,Platina 100
757,TVS,Sport
758,Hero,Honda Passion Plus
759,Bajaj,V15
760,Honda,Dio
761,Honda,Dream Yuga
762,Hero,Honda Splendor Plus
763,Bajaj,Pulsar 150
764,Bajaj,Discover 135
765,Honda,Livo
766,Hero,Honda Splendor NXG
767,Bajaj,Discover 125
768,Yamaha,FZ V 2.0
769,Yamaha,SZ-S
770,Royal,Enfield Thunderbird 350
771,Bajaj,Discover 125 M
772,Yamaha,FZ S
773,Honda,Activa
774,Bajaj,Xcd
775,Bajaj,Avenger Street 160
776,Royal,Enfield Electra 5 S
777,TVS,Apache RTR 200 4V
778,Hero,Honda Splendor Plus
779,Hero,Glamour 125
780,TVS,Victor GLX
781,Honda,Grazia
782,Bajaj,Pulsar 150
783,Hero,Xtreme 2014
784,Hero,Pleasure
785,Hero,Passion XPro
786,Hero,Super Splendor
787,Yamaha,FZ S
788,Honda,Activa
789,Hero,Glamour FI
790,Hero,Honda Passion Plus
791,Hero,Splendor Plus
792,Hero,Xpulse 200
793,Honda,CB Unicorn 150
794,Bajaj,Discover 135
795,Hero,Honda Splendor
796,Hero,Honda CD Deluxe
797,Royal,Enfield Electra Twinspark
798,Honda,Dream Neo
799,Hero,Maestro
800,Honda,CBR150 R
801,Honda,CB Unicorn Dazzler
802,TVS,Apache
803,Hero,Passion XPro
804,Honda,Activa 5G
805,Honda,Activa i
806,TVS,Apache RTR 200 4V
807,Hero,Honda CBZ extreme
808,Suzuki,Gixxer
809,Hero,Xpulse 200
810,Bajaj,Pulsar 150
811,Bajaj,Pulsar AS150
812,Bajaj,Platina 100
813,Honda,CB Twister
814,Suzuki,SlingShot
815,TVS,Apache RTR 160
816,Bajaj,V12
817,Hero,Karizma 2014
818,Yamaha,YZF R15 V3
819,Yamaha,Fascino 110
820,Honda,CB Unicorn 160
821,Yamaha,Gladiator
822,Hero,Honda Glamour
823,Bajaj,Discover 100
824,Mahindra,Gusto
825,Royal,Enfield Thunderbird 350
826,Royal,Enfield Classic 350
827,Bajaj,Pulsar 150
828,Royal,Enfield Electra Twinspark
829,Bajaj,Pulsar 150
830,Bajaj,Pulsar 150
831,Hero,HF Deluxe
832,Honda,Activa
833,Yamaha,FZ S
834,Bajaj,Avenger Cruise 220
835,Honda,Dio
836,Honda,Activa i
837,Royal,Enfield Bullet 350
838,Yamaha,FZ V 2.0
839,Royal,Enfield Classic 350
840,Honda,CB Shine SP
841,Bajaj,V15
842,Hero,CBZ
843,Hero,Splendor Plus
844,Bajaj,Discover 100 T
845,Honda,CB Hornet 160R
846,Honda,CB Hornet 160R
847,TVS,Apache RTR 160 4V
848,Honda,CB Shine SP
849,Royal,Enfield Classic 350
850,Bajaj,Pulsar 180
851,TVS,XL 100
852,Hero,Super Splendor
853,Hero,Honda CBZ extreme
854,Bajaj,Pulsar 180
855,Bajaj,Discover 150
856,Bajaj,Pulsar 180
857,Honda,Shine
858,Honda,CB Unicorn 150
859,Royal,Enfield Himalayan
860,Kawasaki,Ninja 650
861,Royal,Enfield Classic 350
862,Hero,Honda Passion Plus
863,Hero,Honda Splendor Plus
864,Benelli,TNT 25
865,Royal,Enfield Thunderbird 500X
866,Royal,Enfield Continental GT
867,KTM,RC 200
868,Royal,Enfield Bullet 350
869,Bajaj,Pulsar 220F
870,Bajaj,Avenger Street 220
871,Honda,Activa 125
872,Honda,Shine
873,Bajaj,Discover 150F
874,Bajaj,Pulsar 150
875,Hero,Karizma ZMR
876,Honda,Dream Yuga
877,Hero,Glamour 125
878,Honda,Activa
879,Bajaj,CT 100
880,Honda,CB Hornet 160R
881,Hero,CD Dawn
882,Royal,Enfield Classic Gunmetal Grey
883,Bajaj,Discover 100
884,Honda,Shine
885,TVS,Max DLX
886,Honda,Dio
887,Bajaj,Pulsar 180
888,Royal,Enfield Thunderbird 350
889,Royal,Enfield Thunderbird 350
890,Royal,Enfield Classic Chrome
891,Royal,Enfield Classic Gunmetal Grey
892,KTM,390 Duke
893,Hero,Pleasure
894,TVS,Victor
895,Bajaj,Pulsar 150
896,KTM,RC 200
897,Kawasaki,Ninja 300
898,Honda,Dream Yuga
899,Bajaj,Pulsar 150
900,Bajaj,Pulsar 150
901,Hero,Honda Passion Plus
902,Yamaha,YZF R15
903,Hero,Honda Splendor Plus
904,Hero,Karizma ZMR
905,Hero,Honda Splendor Plus
906,Yo,Style
907,Hero,Splendor iSmart
908,Hero,Super Splendor
909,Bajaj,Discover 100
910,Yamaha,Fazer
911,Bajaj,Discover 125
912,Hero,Super Splendor
913,Honda,Shine
914,Bajaj,Discover 125 M
915,Bajaj,Avenger Street 150
916,Yamaha,Fazer
917,Hero,Passion X Pro
918,Honda,Activa
919,TVS,Star City
920,Hero,Honda Hunk
921,TVS,Star City
922,Bajaj,Pulsar 150
923,Bajaj,Discover 100
924,TVS,Victor
925,Hero,Honda Splendor Plus
926,Honda,Aviator
927,Bajaj,Pulsar 180
928,Bajaj,Avenger
929,Hero,CD Dawn
930,Hero,Maestro
931,Honda,CB Shine SP
932,Hero,Honda CD Deluxe
933,Hero,Honda Hunk
934,Hero,Honda CD Deluxe
935,Honda,Activa 3G
936,Bajaj,Pulsar 135 LS
937,Bajaj,Pulsar 150
938,Hero,Pleasure
939,Hero,Honda CBZ extreme
940,Bajaj,Pulsar 150
941,Honda,CB Twister
942,Honda,Livo
943,Bajaj,Pulsar AS200
944,Honda,Activa 3G
945,Hero,Honda Hunk
946,Honda,CB Hornet 160R
947,Hero,HF Deluxe
948,Hero,Splendor PRO
949,Bajaj,Boxer
950,Royal,Enfield Electra 5 S
951,Royal,Enfield Electra 5 S
952,Hero,Honda Hunk
953,Hero,Ignitor
954,Bajaj,Discover 100 M
955,Honda,Activa 3G
956,Bajaj,Pulsar 135 LS
957,Bajaj,Pulsar 220 DTS-i
958,Hero,Honda CBZ extreme
959,Hero,Honda CBZ extreme
960,Royal,Enfield Thunder 500
961,UM,Renegade Mojave
962,KTM,RC200
963,Bajaj,Dominar 400
964,Royal,Enfield Classic 350
965,KTM,RC390
966,Hyosung,GT250R
967,Royal,Enfield Thunder 350
968,Royal,Enfield Thunder 350
969,Royal,Enfield Classic 350
970,KTM,RC200
971,Royal,Enfield Thunder 350
972,KTM,390 Duke 
973,Mahindra,Mojo XT300
974,Royal,Enfield Classic 350
975,Royal,Enfield Classic 350
976,Royal,Enfield Classic 350
977,Royal,Enfield Thunder 500
978,Royal,Enfield Classic 350
979,Royal,Enfield Thunder 500
980,Bajaj,Pulsar RS200
981,Royal,Enfield Thunder 350
982,Royal,Enfield Bullet 350
983,Royal,Enfield Classic 350
984,Royal,Enfield Classic 500
985,Royal,Enfield Classic 500
986,Bajaj,Avenger 220
987,Bajaj,Avenger 150
988,Honda,CB Hornet 160R
989,Yamaha,FZ S V 2.0
990,Honda,CB Hornet 160R
991,Yamaha,FZ 16
992,Bajaj,Avenger 220
993,Bajaj,Avenger 220
994,TVS,Apache RTR 160
995,Bajaj,Pulsar 150
996,Honda,CBR 150
997,Hero,Extreme
998,Honda,CB Hornet 160R
999,Bajaj,Avenger 220 dtsi
1000,Honda,CBR 150
1001,Bajaj,Avenger 150 street
1002,Yamaha,FZ  v 2.0
1003,Yamaha,FZ  v 2.0
1004,Bajaj,Pulsar  NS 200
1005,TVS,Apache RTR 160
1006,Hero,Extreme
1007,Yamaha,FZ S V 2.0
1008,Bajaj,Pulsar 220 F
1009,Bajaj,Pulsar 220 F
1010,TVS,Apache RTR 180
1011,Hero,Passion X pro
1012,Bajaj,Pulsar NS 200
1013,Bajaj,Pulsar NS 200
1014,Yamaha,Fazer 
1015,Honda,Activa 4G
1016,TVS,Sport 
1017,Yamaha,FZ S V 2.0
1018,Honda,Dream Yuga 
1019,Honda,Activa 4G
1020,Bajaj,Avenger Street 220
1021,TVS,Apache RTR 180
1022,Bajaj,Pulsar NS 200
1023,Bajaj,Avenger 220 dtsi
1024,Hero,Splender iSmart
1025,Activa,3g
1026,Hero,Passion Pro
1027,TVS,Apache RTR 160
1028,Honda,CB Trigger
1029,Hero,Splender iSmart
1030,Yamaha,FZ S 
1031,Hero,Passion Pro
1032,Bajaj,Pulsar 135 LS
1033,Activa,4g
1034,Honda,CB Unicorn
1035,Hero,Honda CBZ extreme
1036,Honda,Karizma
1037,Honda,Activa 125
1038,TVS,Jupyter
1039,Honda,Karizma
1040,Hero,Honda Passion Pro
1041,Hero,Splender Plus
1042,Honda,CB Shine
1043,Bajaj,Discover 100
1044,Bajaj,Pulsar 150
1045,Suzuki,Access 125
1046,TVS,Wego
1047,Honda,CB twister
1048,Hero,Glamour
1049,Hero,Super Splendor
1050,Bajaj,Pulsar 150
1051,Bajaj,Discover 125
1052,Hero,Hunk
1053,Hero, Ignitor Disc
1054,Hero, CBZ Xtreme
1055,Bajaj, ct 100
1056,Activa,3g
1057,Honda,CB twister
1058,Bajaj,Discover 125
1059,Honda,CB Shine
1060,Bajaj,Pulsar 150
